{
  "project_info": {
    "project_number": "866326381993",
    "project_id": "test-fffec",
    "storage_bucket": "test-fffec.appspot.com"
  },
  "client": [
    {
      "client_info": {
        "mobilesdk_app_id": "1:866326381993:android:f8e7e757ce42c1e19fb0b8",
        "android_client_info": {
          "package_name": "com.example.microfcm"
        }
      },
      "oauth_client": [
        {
          "client_id": "866326381993-e2nu1spb13ebabmui0d2amn0em40uoq3.apps.googleusercontent.com",
          "client_type": 3
        }
      ],
      "api_key": [
        {
          "current_key": "AIzaSyBdZqn4fR5vTwCUO7UxesKyDKZXCFVqYcY"
        }
      ],
      "services": {
        "appinvite_service": {
          "other_platform_oauth_client": [
            {
              "client_id": "866326381993-e2nu1spb13ebabmui0d2amn0em40uoq3.apps.googleusercontent.com",
              "client_type": 3
            }
          ]
        }
      }
    }
  ],
  "configuration_version": "1"
}